model,binning_scheme,bin,rows,mean_score,observed_rate,rate_low,rate_high
tweet_tfidf,quantile,0,1229,0.41501648,0.42473556,0.39737680,0.45256335
tweet_tfidf,quantile,1,1228,0.47637669,0.45114007,0.42350402,0.47908084
tweet_tfidf,quantile,2,1228,0.51792211,0.50977199,0.48182520,0.53765782
tweet_tfidf,quantile,3,1229,0.56071220,0.52074858,0.49279759,0.54857026
tweet_tfidf,quantile,4,1228,0.60441321,0.55863192,0.53071949,0.58617867
tweet_tfidf,quantile,5,1228,0.64890173,0.58631922,0.55854633,0.61355374
tweet_tfidf,quantile,6,1229,0.69869427,0.60537022,0.57775643,0.63232736
tweet_tfidf,quantile,7,1228,0.75309927,0.65309446,0.62603218,0.67920190
tweet_tfidf,quantile,8,1228,0.81807930,0.69625407,0.66995389,0.72133022
tweet_tfidf,quantile,9,1229,0.91785784,0.81122864,0.78839326,0.83212449
tweet_tfidf,uniform,3,331,0.37698474,0.32326284,0.27515190,0.37542900
tweet_tfidf,uniform,4,2193,0.45767854,0.45690834,0.43615305,0.47781434
tweet_tfidf,uniform,5,2861,0.54889148,0.52324362,0.50492309,0.54150182
tweet_tfidf,uniform,6,2655,0.64807280,0.57928437,0.56040475,0.59793489
tweet_tfidf,uniform,7,2096,0.74788667,0.64408397,0.62334010,0.66430066
tweet_tfidf,uniform,8,1425,0.84523700,0.72350877,0.69970913,0.74610661
tweet_tfidf,uniform,9,723,0.94588396,0.85892116,0.83164650,0.88240193
tweet_tfidf_sigmoid,quantile,0,1229,0.41988414,0.43612693,0.40864362,0.46400830
tweet_tfidf_sigmoid,quantile,1,1228,0.48000202,0.46335505,0.43562256,0.49131609
tweet_tfidf_sigmoid,quantile,2,1228,0.51290184,0.52035831,0.49239628,0.54819336
tweet_tfidf_sigmoid,quantile,3,1229,0.54708863,0.53539463,0.50744384,0.56312484
tweet_tfidf_sigmoid,quantile,4,1228,0.57959861,0.56677524,0.53889472,0.59423929
tweet_tfidf_sigmoid,quantile,5,1228,0.61316365,0.58224756,0.55444860,0.60953354
tweet_tfidf_sigmoid,quantile,6,1229,0.65159755,0.63222132,0.60488944,0.65872921
tweet_tfidf_sigmoid,quantile,7,1228,0.69365193,0.65228013,0.62520586,0.67840464
tweet_tfidf_sigmoid,quantile,8,1228,0.74474853,0.70032573,0.67411075,0.72529130
tweet_tfidf_sigmoid,quantile,9,1229,0.83551968,0.81285598,0.79008778,0.83367450
tweet_tfidf_sigmoid,uniform,3,298,0.37711780,0.33892617,0.28753741,0.39441483
tweet_tfidf_sigmoid,uniform,4,2272,0.46189875,0.46654930,0.44610950,0.48710202
tweet_tfidf_sigmoid,uniform,5,3725,0.55009589,0.54362416,0.52759198,0.55956646
tweet_tfidf_sigmoid,uniform,6,3108,0.64788285,0.62226512,0.60507937,0.63914902
tweet_tfidf_sigmoid,uniform,7,1967,0.74406969,0.69598373,0.67529000,0.71591347
tweet_tfidf_sigmoid,uniform,8,768,0.83640788,0.81770833,0.78884377,0.84341042
tweet_tfidf_sigmoid,uniform,9,146,0.93110911,0.91095890,0.85362072,0.94722573
