row_id,split,label
0,train,0
1,train,1
2,validation,1
3,test,0
4,test,1
5,train,0
6,train,0
7,train,1
8,validation,0
9,train,0
10,train,1
11,train,1
12,train,0
13,validation,1
14,train,0
15,train,1
16,test,0
17,test,1
18,validation,1
19,train,0
20,train,0
21,validation,1
22,test,0
23,test,1
24,train,0
25,train,1
26,test,1
27,validation,0
28,test,0
29,train,0
30,test,0
31,train,1
32,validation,0
33,test,0
34,train,1
35,validation,0
36,test,1
37,validation,0
38,train,1
39,validation,0
40,test,1
41,test,0
42,train,1
43,train,0
44,validation,1
45,validation,1
46,test,0
47,train,0
48,train,1
49,test,0
50,train,0
51,validation,1
52,train,1
53,validation,1
54,train,1
55,validation,1
56,validation,0
57,validation,1
58,train,1
59,train,0
60,train,0
61,train,1
62,train,1
63,train,0
64,train,0
65,train,0
66,validation,0
67,train,1
68,train,1
69,validation,1
70,test,0
71,validation,0
72,test,1
73,test,1
74,test,1
75,test,1
76,test,0
77,validation,1
78,train,1
79,validation,0
80,train,1
81,train,0
82,test,1
83,validation,0
84,validation,0
85,train,1
86,train,1
87,train,0
88,train,1
89,train,1
90,train,0
91,train,1
92,validation,1
93,train,0
94,train,0
95,test,1
96,test,0
97,train,0
98,validation,1
99,train,0
100,train,1
101,train,0
102,train,1
103,train,1
104,test,0
105,train,1
106,train,0
107,train,1
108,train,0
109,validation,0
110,train,1
111,train,1
112,train,1
113,train,1
114,train,1
115,test,1
116,train,0
117,train,1
118,train,1
119,train,1
120,validation,1
121,train,0
122,train,1
123,train,0
124,train,1
125,train,1
126,test,0
127,train,0
128,train,1
129,train,0
130,train,1
131,test,1
132,train,1
133,train,1
134,train,0
135,test,0
136,train,1
137,train,1
138,train,0
139,train,1
140,train,0
141,validation,0
142,train,0
143,train,0
144,train,1
145,train,0
146,test,0
147,test,0
148,train,0
149,train,0
150,train,0
151,test,1
152,train,1
153,test,0
154,train,1
155,test,1
156,train,1
157,validation,1
158,validation,1
159,train,0
160,test,1
161,test,0
162,validation,1
163,train,0
164,train,1
165,train,0
166,train,1
167,train,0
168,train,0
169,validation,1
170,train,0
171,train,0
172,train,1
173,test,1
174,test,1
175,train,1
176,train,0
177,train,0
178,train,0
179,train,0
180,train,0
181,train,1
182,test,0
183,train,0
184,train,1
185,test,0
186,train,1
187,test,0
188,validation,0
189,train,0
190,train,1
191,train,1
192,validation,0
193,train,0
194,validation,1
195,train,1
196,validation,0
197,train,0
198,train,0
199,test,1
200,train,1
201,validation,0
202,train,1
203,train,0
204,train,1
205,test,1
206,train,1
207,validation,1
208,train,0
209,train,0
210,train,0
211,train,1
212,train,1
213,validation,1
214,train,1
215,train,1
216,test,0
217,train,0
218,validation,1
219,train,0
220,train,0
221,test,1
222,train,0
223,test,0
224,validation,1
225,validation,1
226,train,0
227,train,0
228,train,0
229,test,0
230,train,0
231,test,0
232,test,1
233,test,1
234,train,1
235,train,1
236,validation,1
237,train,1
238,train,0
239,test,0
240,train,0
241,train,0
242,validation,0
243,train,0
244,validation,1
245,train,1
246,validation,1
247,test,0
248,train,1
249,train,1
250,validation,1
251,test,1
252,train,1
253,validation,0
254,train,0
255,train,0
256,train,1
257,validation,1
258,train,1
259,train,1
260,train,1
261,train,1
262,test,0
263,train,0
264,train,1
265,test,0
266,train,1
267,train,0
268,train,1
269,train,0
270,validation,1
271,test,0
272,train,1
273,validation,0
274,validation,1
275,test,0
276,validation,1
277,train,1
278,train,1
279,train,1
280,train,1
281,train,0
282,train,1
283,train,1
284,test,0
285,train,0
286,train,0
287,test,1
288,test,1
289,train,0
290,train,1
291,train,0
292,validation,1
293,train,1
294,validation,1
295,validation,1
296,train,0
297,train,0
298,train,0
299,train,1
300,test,1
301,validation,1
302,train,1
303,train,1
304,train,1
305,train,0
306,test,0
307,train,0
308,train,1
309,train,0
310,validation,1
311,validation,1
312,validation,0
313,train,0
314,train,1
315,train,1
316,train,0
317,train,1
318,validation,1
319,validation,0
320,validation,0
321,train,1
322,validation,0
323,test,1
324,test,0
325,validation,0
326,test,0
327,train,0
328,train,1
329,train,1
330,train,1
331,train,1
332,train,1
333,train,0
334,test,0
335,train,0
336,test,0
337,validation,0
338,train,1
339,test,0
340,test,0
341,train,1
342,train,0
343,train,1
344,validation,0
345,train,1
346,train,1
347,train,0
348,validation,0
349,train,1
350,train,1
351,validation,0
352,train,0
353,test,0
354,train,0
355,train,0
356,validation,0
357,train,1
358,test,1
359,test,0
360,train,1
361,train,0
362,train,1
363,train,1
364,train,0
365,train,1
366,validation,1
367,validation,1
368,test,0
369,train,1
370,test,1
371,train,0
372,train,0
373,train,0
374,train,1
375,validation,0
376,train,1
377,validation,0
378,train,1
379,validation,1
380,train,0
381,validation,1
382,train,1
383,train,0
384,train,0
385,train,1
386,train,1
387,train,1
388,train,1
389,validation,0
390,train,1
391,test,1
392,train,1
393,test,1
394,test,0
395,train,1
396,test,1
397,test,0
398,train,0
399,train,1
400,train,1
401,train,1
402,validation,0
403,validation,1
404,validation,0
405,train,1
406,test,0
407,train,0
408,validation,1
409,test,1
410,validation,0
411,train,0
412,train,1
413,train,1
414,train,0
415,train,0
416,test,0
417,validation,1
418,train,0
419,train,0
420,test,1
421,test,0
422,train,1
423,validation,1
424,validation,0
425,test,1
426,test,1
427,train,1
428,train,1
429,test,0
430,train,1
431,train,1
432,train,0
433,train,0
434,train,1
435,validation,0
436,validation,0
437,test,0
438,train,0
439,train,0
440,test,1
441,train,1
442,train,1
443,train,0
444,train,1
445,train,1
446,train,0
447,train,1
448,train,1
449,train,1
450,train,0
451,train,0
452,validation,0
453,train,1
454,train,1
455,validation,1
456,train,0
457,validation,0
458,test,1
459,validation,0
460,train,0
461,validation,0
462,train,1
463,train,0
464,train,0
465,validation,0
466,train,1
467,train,1
468,train,0
469,train,0
470,train,1
471,train,1
472,train,1
473,validation,0
474,train,0
475,train,1
476,train,0
477,train,1
478,train,0
479,test,1
480,train,1
481,train,1
482,test,0
483,validation,0
484,train,0
485,test,0
486,train,0
487,train,1
488,train,1
489,train,1
490,train,1
491,test,0
492,train,0
493,train,1
494,train,0
495,train,0
496,train,1
497,train,1
498,test,1
499,train,0
500,train,0
501,train,1
502,train,0
503,validation,0
504,train,0
505,test,1
506,train,0
507,train,1
508,train,0
509,train,1
510,train,1
511,train,1
512,train,1
513,train,1
514,test,1
515,train,1
516,validation,0
517,validation,0
518,train,1
519,train,1
520,validation,1
521,train,0
522,train,0
523,train,1
524,train,0
525,test,1
526,validation,1
527,train,0
528,test,0
529,validation,0
530,validation,1
531,test,0
532,train,1
533,train,1
534,train,1
535,train,0
536,test,1
537,train,0
538,train,0
539,validation,0
540,train,1
541,train,0
542,train,0
543,train,0
544,train,1
545,validation,1
546,train,1
547,validation,1
548,validation,1
549,train,0
550,test,0
551,train,1
552,train,1
553,test,1
554,validation,0
555,validation,0
556,train,0
557,train,1
558,train,0
559,train,0
560,test,0
561,validation,0
562,validation,1
563,train,1
564,train,0
565,train,0
566,test,1
567,validation,0
568,train,1
569,train,1
570,train,0
571,train,0
572,train,0
573,test,1
574,validation,0
575,train,1
576,train,0
577,validation,0
578,validation,1
579,validation,1
580,test,0
581,train,1
582,train,0
583,train,0
584,train,0
585,validation,0
586,test,1
587,test,1
588,validation,1
589,validation,1
590,test,0
591,train,0
592,test,1
593,validation,1
594,validation,1
595,train,1
596,train,0
597,validation,1
598,test,1
599,train,0
600,validation,0
601,validation,1
602,train,0
603,train,0
604,train,1
605,train,0
606,train,1
607,train,1
608,test,1
609,train,0
610,test,0
611,train,0
612,test,0
613,train,0
614,validation,1
615,train,0
616,train,0
617,train,1
618,train,0
619,train,1
620,validation,0
621,validation,0
622,train,0
623,train,0
624,train,1
625,validation,0
626,train,1
627,train,1
628,train,0
629,test,1
630,train,1
631,validation,1
632,train,0
633,train,1
634,train,0
635,train,0
636,validation,1
637,train,0
638,test,1
639,train,0
640,train,0
641,train,1
642,train,0
643,train,1
644,validation,0
645,train,1
646,train,0
647,validation,0
648,train,0
649,train,1
650,test,0
651,test,1
652,train,0
653,train,0
654,validation,0
655,validation,1
656,validation,1
657,train,1
658,test,1
659,train,0
660,train,1
661,train,0
662,train,1
663,train,1
664,train,0
665,train,0
666,train,0
667,train,1
668,validation,0
669,train,0
670,train,0
671,train,0
672,validation,1
673,train,1
674,validation,0
675,train,0
676,train,0
677,test,1
678,train,0
679,train,1
680,train,0
681,validation,0
682,train,0
683,train,1
684,test,0
685,train,1
686,test,1
687,test,0
688,train,0
689,validation,0
690,validation,1
691,test,0
692,validation,1
693,train,1
694,train,0
695,test,1
696,train,1
697,train,1
698,validation,0
699,validation,1
700,train,0
701,train,1
702,validation,0
703,train,1
704,train,0
705,train,0
706,train,0
707,train,1
708,train,0
709,train,0
710,validation,1
711,train,0
712,validation,1
713,train,0
714,test,1
715,test,1
716,test,1
717,train,0
718,validation,1
719,train,1
720,train,1
721,train,1
722,train,1
723,train,0
724,train,1
725,train,0
726,train,1
727,train,1
728,test,0
729,validation,1
730,train,1
731,test,1
732,test,1
733,train,1
734,validation,1
735,train,0
736,train,0
737,train,0
738,train,1
739,train,0
740,train,1
741,validation,1
742,train,1
743,train,0
744,test,1
745,validation,1
746,train,0
747,train,0
748,test,1
749,test,0
750,validation,1
751,test,1
752,train,0
753,train,1
754,train,1
755,validation,0
756,train,0
757,validation,0
758,test,0
759,train,0
760,train,1
761,train,0
762,train,0
763,train,0
764,train,1
765,train,1
766,train,1
767,train,1
768,validation,1
769,train,0
770,train,0
771,train,0
772,train,0
773,test,0
774,test,0
775,train,0
776,train,0
777,train,1
778,validation,1
779,train,0
780,validation,0
781,train,1
782,validation,1
783,test,0
784,train,1
785,test,1
786,train,1
787,test,0
788,train,0
789,train,1
790,test,1
791,train,1
792,validation,0
793,train,1
794,train,0
795,train,0
796,test,1
797,train,1
798,train,1
799,train,0
800,test,1
801,train,1
802,train,1
803,test,0
804,test,0
805,train,1
806,validation,1
807,train,0
808,train,1
809,train,1
810,train,1
811,train,1
812,test,1
813,train,0
814,test,1
815,test,0
816,train,1
817,validation,0
818,test,1
819,validation,0
820,train,0
821,test,0
822,validation,0
823,validation,0
824,validation,0
825,test,0
826,train,0
827,train,0
828,validation,0
829,test,0
830,train,0
831,train,0
832,train,0
833,train,0
834,test,0
835,train,0
836,validation,0
837,train,0
838,train,0
839,train,1
840,train,1
841,train,1
842,test,0
843,validation,1
844,test,0
845,train,0
846,test,1
847,train,0
848,validation,0
849,train,0
850,train,0
851,test,1
852,train,1
853,test,1
854,train,1
855,train,1
856,train,1
857,train,0
858,train,1
859,train,1
860,train,1
861,train,1
862,train,1
863,train,1
864,train,0
865,train,1
866,train,1
867,train,0
868,train,1
869,train,0
870,train,0
871,train,1
872,train,0
873,train,1
874,train,0
875,validation,0
876,validation,1
877,train,0
878,train,1
879,train,0
880,train,1
881,train,0
882,train,0
883,validation,1
884,train,0
885,test,0
886,train,1
887,train,0
888,train,0
889,test,1
890,train,1
891,train,0
892,validation,0
893,validation,1
894,train,0
895,train,1
896,validation,1
897,validation,1
898,train,1
899,test,0
900,test,0
901,train,0
902,train,0
903,train,0
904,train,1
905,train,1
906,train,0
907,validation,1
908,train,0
909,test,1
910,train,1
911,train,1
912,train,1
913,validation,0
914,train,1
915,train,0
916,test,0
917,train,0
918,test,0
919,test,0
920,validation,0
921,train,1
922,train,0
923,train,0
924,train,1
925,test,1
926,train,1
927,train,1
928,test,1
929,test,0
930,train,0
931,train,0
932,train,1
933,train,1
934,train,1
935,validation,1
936,train,0
937,train,1
938,validation,0
939,train,1
940,train,0
941,train,1
942,train,0
943,test,1
944,train,1
945,train,1
946,validation,0
947,train,1
948,train,1
949,train,1
950,validation,1
951,validation,1
952,train,0
953,test,0
954,train,1
955,validation,0
956,test,0
957,train,0
958,train,1
959,test,0
960,validation,0
961,test,0
962,train,1
963,validation,1
964,validation,1
965,train,1
966,validation,0
967,validation,0
968,train,0
969,train,0
970,train,0
971,train,0
972,train,0
973,train,0
974,test,0
975,test,0
976,train,0
977,train,0
978,test,0
979,validation,0
980,test,0
981,train,0
982,test,0
983,test,0
984,train,0
985,train,0
986,test,0
987,validation,0
988,train,0
989,test,0
990,validation,0
991,test,1
992,train,0
993,train,0
994,train,1
995,validation,0
996,test,1
997,validation,1
998,train,1
999,train,1
1000,validation,1
1001,train,1
1002,train,0
1003,train,1
1004,test,1
1005,train,1
1006,train,1
1007,validation,1
1008,train,1
1009,train,1
1010,train,1
1011,train,1
1012,train,0
1013,test,0
1014,train,1
1015,train,1
1016,test,1
1017,train,1
1018,validation,1
1019,train,1
1020,validation,1
1021,train,0
1022,test,1
1023,test,1
1024,train,1
1025,train,1
1026,train,0
1027,test,0
1028,validation,0
1029,test,0
1030,test,0
1031,validation,0
1032,train,0
1033,train,0
1034,validation,0
1035,test,0
1036,validation,1
1037,test,1
1038,train,1
1039,train,1
1040,validation,0
1041,validation,0
1042,train,0
1043,validation,1
1044,train,1
1045,validation,1
1046,validation,1
1047,train,1
1048,train,1
1049,test,1
1050,train,1
1051,validation,0
1052,test,0
1053,train,0
1054,train,0
1055,test,0
1056,train,0
1057,train,0
1058,train,0
1059,train,0
1060,test,1
1061,train,0
1062,train,1
1063,train,1
1064,test,1
1065,train,1
1066,train,1
1067,test,0
1068,train,1
1069,test,1
1070,train,1
1071,train,1
1072,train,1
1073,train,1
1074,train,1
1075,train,1
1076,train,1
1077,train,1
1078,train,0
1079,train,0
1080,train,0
1081,train,0
1082,train,1
1083,validation,1
1084,train,1
1085,train,1
1086,train,1
1087,test,1
1088,train,0
1089,train,0
1090,test,0
1091,train,0
1092,train,1
1093,train,0
1094,test,0
1095,train,1
1096,train,1
1097,train,0
1098,train,0
1099,train,0
1100,train,0
1101,train,0
1102,test,0
1103,train,0
1104,test,1
1105,train,1
1106,test,1
1107,train,1
1108,train,1
1109,train,1
1110,train,1
1111,validation,1
1112,train,1
1113,train,0
1114,train,1
1115,train,0
1116,test,0
1117,train,0
1118,train,0
1119,train,0
1120,train,0
1121,train,0
1122,validation,0
1123,train,0
1124,train,0
1125,test,0
1126,train,0
1127,train,0
1128,validation,0
1129,validation,0
1130,train,1
1131,test,0
1132,test,0
1133,train,0
1134,train,0
1135,validation,0
1136,validation,0
1137,train,1
1138,train,0
1139,train,0
1140,train,0
1141,train,0
1142,test,0
1143,train,0
1144,train,0
1145,validation,0
1146,train,0
1147,train,0
1148,validation,0
1149,train,0
1150,train,0
1151,train,0
1152,train,0
1153,train,0
1154,train,1
1155,test,0
1156,test,0
1157,train,0
1158,train,0
1159,train,0
1160,train,0
1161,test,0
1162,train,0
1163,train,0
1164,validation,0
1165,train,0
1166,train,0
1167,train,0
1168,train,0
1169,validation,0
1170,train,0
1171,train,0
1172,train,0
1173,validation,0
1174,train,0
1175,validation,1
1176,test,1
1177,test,1
1178,validation,0
1179,train,0
1180,validation,0
1181,train,0
1182,train,1
1183,train,0
1184,validation,0
1185,validation,0
1186,train,0
1187,train,1
1188,validation,1
1189,test,1
1190,train,1
1191,train,0
1192,train,0
1193,test,0
1194,train,0
1195,test,1
1196,train,1
1197,validation,1
1198,train,1
1199,train,1
1200,validation,1
1201,test,1
1202,train,0
1203,test,1
1204,train,0
1205,train,0
1206,train,0
1207,train,0
1208,validation,0
1209,train,0
1210,validation,0
1211,train,0
1212,test,0
1213,train,0
1214,test,1
1215,train,1
1216,train,0
1217,train,0
1218,train,0
1219,validation,0
1220,test,0
1221,train,0
1222,test,0
1223,train,0
1224,test,0
1225,train,0
1226,validation,0
1227,test,0
1228,test,1
1229,test,1
1230,test,0
1231,test,0
1232,train,0
1233,train,1
1234,train,0
1235,validation,0
1236,validation,0
1237,test,0
1238,validation,0
1239,train,0
1240,train,0
1241,test,1
1242,validation,1
1243,test,1
1244,train,0
1245,test,0
1246,validation,0
1247,train,1
1248,train,1
1249,train,1
1250,train,1
1251,train,1
1252,train,1
1253,train,1
1254,train,1
1255,train,1
1256,train,1
1257,train,1
1258,validation,1
1259,train,1
1260,test,1
1261,validation,1
1262,train,1
1263,train,0
1264,test,0
1265,train,1
1266,test,0
1267,test,0
1268,test,0
1269,validation,0
1270,train,0
1271,train,0
1272,test,0
1273,validation,0
1274,train,0
1275,train,0
1276,train,0
1277,train,0
1278,train,1
1279,train,1
1280,train,1
1281,train,1
1282,train,1
1283,train,1
1284,train,1
1285,train,1
1286,validation,1
1287,validation,1
1288,train,0
1289,train,1
1290,validation,1
1291,train,1
1292,train,1
1293,train,1
1294,train,0
1295,train,0
1296,train,0
1297,train,0
1298,train,1
1299,train,1
1300,train,1
1301,validation,1
1302,validation,1
1303,train,1
1304,train,1
1305,validation,1
1306,train,1
1307,validation,1
1308,train,1
1309,test,1
1310,train,1
1311,train,1
1312,train,1
1313,train,0
1314,train,0
1315,validation,0
1316,train,0
1317,train,0
1318,train,0
1319,train,0
1320,train,0
1321,validation,0
1322,train,0
1323,test,0
1324,validation,0
1325,validation,0
1326,test,0
1327,train,1
1328,train,1
1329,train,1
1330,test,1
1331,train,1
1332,train,1
1333,test,0
1334,train,0
1335,validation,0
1336,validation,0
1337,train,0
1338,validation,0
1339,train,1
1340,test,1
1341,train,1
1342,train,1
1343,train,1
1344,train,1
1345,train,1
1346,train,1
1347,train,1
1348,train,1
1349,train,1
1350,test,1
1351,train,1
1352,train,0
1353,test,0
1354,train,0
1355,test,0
1356,train,0
1357,test,0
1358,test,0
1359,train,0
1360,train,1
1361,train,1
1362,validation,1
1363,train,0
1364,validation,0
1365,test,0
1366,train,0
1367,train,1
1368,validation,1
1369,test,1
1370,train,1
1371,train,1
1372,train,1
1373,validation,1
1374,validation,1
1375,train,1
1376,validation,1
1377,validation,1
1378,train,1
1379,validation,1
1380,train,0
1381,train,0
1382,train,0
1383,train,1
1384,train,1
1385,train,1
1386,train,1
1387,train,1
1388,train,1
1389,test,1
1390,train,1
1391,train,1
1392,train,0
1393,test,1
1394,train,1
1395,test,1
1396,validation,1
1397,train,1
1398,test,1
1399,validation,1
1400,train,1
1401,validation,0
1402,train,0
1403,train,0
1404,train,0
1405,test,0
1406,test,1
1407,train,1
1408,train,0
1409,train,0
1410,train,0
1411,validation,0
1412,train,0
1413,test,0
1414,train,0
1415,train,0
1416,train,0
1417,train,0
1418,train,0
1419,test,0
1420,validation,1
1421,train,1
1422,test,0
1423,train,1
1424,train,0
1425,validation,1
1426,test,0
1427,test,0
1428,train,1
1429,train,0
1430,train,0
1431,test,1
1432,train,1
1433,train,1
1434,train,1
1435,validation,0
1436,train,0
1437,validation,0
1438,validation,0
1439,train,0
1440,train,0
1441,test,0
1442,train,0
1443,validation,0
1444,train,0
1445,validation,0
1446,train,0
1447,train,0
1448,train,0
1449,train,0
1450,test,0
1451,test,0
1452,validation,1
1453,test,1
1454,test,0
1455,validation,0
1456,test,0
1457,train,0
1458,test,0
1459,train,0
1460,train,0
1461,train,0
1462,train,0
1463,validation,0
1464,train,0
1465,test,0
1466,test,0
1467,train,1
1468,train,1
1469,train,1
1470,train,1
1471,train,1
1472,test,1
1473,train,0
1474,test,0
1475,train,1
1476,train,1
1477,test,1
1478,validation,1
1479,test,1
1480,train,1
1481,train,1
1482,train,1
1483,test,1
1484,test,1
1485,train,1
1486,train,1
1487,train,1
1488,validation,1
1489,validation,1
1490,train,0
1491,train,0
1492,validation,0
1493,train,0
1494,validation,0
1495,test,0
1496,train,1
1497,train,1
1498,train,0
1499,train,0
1500,train,0
1501,validation,0
1502,train,0
1503,validation,0
1504,test,0
1505,train,0
1506,train,0
1507,validation,0
1508,train,0
1509,train,0
1510,train,0
1511,train,0
1512,test,0
1513,train,0
1514,test,0
1515,train,0
1516,validation,1
1517,train,1
1518,test,1
1519,train,0
1520,validation,0
1521,test,0
1522,validation,0
1523,train,0
1524,train,0
1525,validation,1
1526,train,1
1527,validation,1
1528,train,1
1529,validation,1
1530,train,1
1531,validation,0
1532,test,0
1533,test,1
1534,train,1
1535,train,0
1536,test,0
1537,train,0
1538,train,0
1539,validation,0
1540,test,0
1541,train,0
1542,test,0
1543,validation,0
1544,validation,0
1545,train,0
1546,train,0
1547,train,0
1548,train,0
1549,train,0
1550,train,0
1551,train,0
1552,train,0
1553,train,0
1554,validation,1
1555,train,1
1556,test,0
1557,train,0
1558,train,0
1559,train,0
1560,train,0
1561,train,0
1562,train,1
1563,test,0
1564,test,0
1565,train,0
1566,train,0
1567,test,0
1568,train,0
1569,test,0
1570,train,0
1571,train,0
1572,validation,0
1573,validation,0
1574,validation,0
1575,validation,0
1576,train,1
1577,validation,1
1578,train,1
1579,test,1
1580,train,1
1581,validation,1
1582,train,0
1583,test,0
1584,train,1
1585,train,0
1586,test,0
1587,train,0
1588,train,0
1589,test,0
1590,train,0
1591,validation,0
1592,train,0
1593,train,0
1594,train,0
1595,test,1
1596,validation,1
1597,test,1
1598,train,0
1599,train,1
1600,train,0
1601,train,1
1602,test,1
1603,train,1
1604,train,1
1605,train,1
1606,train,1
1607,train,1
1608,test,0
1609,train,0
1610,validation,0
1611,validation,1
1612,train,1
1613,validation,1
1614,train,1
1615,train,1
1616,train,1
1617,validation,0
1618,train,0
1619,train,1
1620,train,1
1621,train,1
1622,train,1
1623,train,1
1624,train,1
1625,train,1
1626,test,1
1627,test,1
1628,train,1
1629,test,0
1630,test,0
1631,train,0
1632,validation,1
1633,train,1
1634,test,1
1635,train,1
1636,validation,1
1637,train,1
1638,test,1
1639,train,1
1640,train,1
1641,train,1
1642,test,1
1643,train,1
1644,test,1
1645,train,1
1646,train,1
1647,test,1
1648,validation,0
1649,validation,0
1650,validation,1
1651,train,0
1652,train,0
1653,validation,0
1654,test,1
1655,train,1
1656,test,1
1657,test,1
1658,train,1
1659,train,1
1660,train,1
1661,test,1
1662,validation,1
1663,train,1
1664,validation,1
1665,validation,1
1666,train,1
1667,train,1
1668,train,1
1669,train,0
1670,test,1
1671,train,1
1672,train,0
1673,test,0
1674,train,1
1675,train,1
1676,train,1
1677,validation,1
1678,test,1
1679,validation,1
1680,train,0
1681,train,0
1682,validation,0
1683,train,0
1684,train,0
1685,train,0
1686,validation,0
1687,test,0
1688,validation,0
1689,train,0
1690,train,0
1691,validation,0
1692,validation,0
1693,validation,0
1694,test,0
1695,test,0
1696,train,1
1697,train,1
1698,train,1
1699,validation,0
1700,train,0
1701,train,0
1702,validation,0
1703,validation,0
1704,train,0
1705,train,0
1706,train,0
1707,train,0
1708,train,0
1709,validation,0
1710,test,0
1711,train,1
1712,train,1
1713,validation,1
1714,train,1
1715,train,1
1716,train,1
1717,test,1
1718,train,1
1719,train,0
1720,train,0
1721,train,0
1722,validation,0
1723,validation,0
1724,test,1
1725,train,1
1726,train,1
1727,train,1
1728,train,1
1729,train,1
1730,train,1
1731,train,1
1732,train,1
1733,validation,1
1734,test,0
1735,validation,1
1736,train,1
1737,train,1
1738,train,1
1739,validation,1
1740,train,1
1741,test,1
1742,train,1
1743,train,0
1744,train,1
1745,train,1
1746,train,1
1747,test,1
1748,validation,1
1749,validation,1
1750,train,0
1751,train,0
1752,train,1
1753,train,1
1754,train,1
1755,train,1
1756,test,1
1757,train,1
1758,train,1
1759,test,1
1760,train,0
1761,test,0
1762,train,0
1763,train,0
1764,train,0
1765,train,0
1766,train,1
1767,train,1
1768,test,1
1769,train,1
1770,train,1
1771,train,1
1772,validation,1
1773,test,1
1774,train,1
1775,validation,1
1776,train,1
1777,test,1
1778,train,1
1779,test,1
1780,validation,1
1781,train,1
1782,train,0
1783,train,0
1784,train,0
1785,train,0
1786,validation,0
1787,test,0
1788,validation,0
1789,test,0
1790,train,1
1791,train,1
1792,train,1
1793,validation,1
1794,train,1
1795,train,1
1796,train,1
1797,train,1
1798,validation,1
1799,train,1
1800,validation,1
1801,validation,1
1802,train,1
1803,validation,1
1804,train,1
1805,validation,1
1806,test,1
1807,validation,1
1808,train,1
1809,test,1
1810,train,1
1811,train,1
1812,train,1
1813,test,1
1814,test,1
1815,train,1
1816,train,1
1817,train,0
1818,train,0
1819,train,0
1820,train,0
1821,validation,0
1822,test,0
1823,train,0
1824,train,0
1825,validation,1
1826,train,1
1827,test,1
1828,train,1
1829,test,1
1830,train,0
1831,train,0
1832,train,0
1833,train,0
1834,test,0
1835,test,0
1836,validation,0
1837,train,0
1838,train,0
1839,train,0
1840,train,0
1841,train,1
1842,validation,1
1843,train,1
1844,validation,1
1845,train,1
1846,train,1
1847,validation,1
1848,train,1
1849,validation,1
1850,validation,1
1851,validation,0
1852,test,0
1853,train,0
1854,train,0
1855,train,0
1856,train,0
1857,train,0
1858,train,0
1859,validation,0
1860,test,1
1861,validation,1
1862,train,0
1863,train,0
1864,train,0
1865,train,0
1866,validation,0
1867,train,0
1868,train,0
1869,train,0
1870,validation,0
1871,train,0
1872,train,0
1873,test,0
1874,test,0
1875,test,0
1876,test,0
1877,train,0
1878,validation,0
1879,test,0
1880,train,1
1881,validation,1
1882,train,1
1883,test,0
1884,train,0
1885,train,0
1886,train,1
1887,train,0
1888,train,0
1889,train,0
1890,train,0
1891,validation,0
1892,validation,0
1893,train,0
1894,validation,0
1895,test,0
1896,train,0
1897,test,1
1898,train,1
1899,train,1
1900,train,1
1901,train,0
1902,test,0
1903,train,0
1904,train,1
1905,test,0
1906,train,0
1907,train,0
1908,test,0
1909,train,1
1910,train,1
1911,train,1
1912,test,1
1913,train,1
1914,test,1
1915,train,1
1916,validation,1
1917,train,1
1918,train,1
1919,train,1
1920,validation,1
1921,train,1
1922,validation,1
1923,train,1
1924,test,1
1925,test,1
1926,train,1
1927,test,1
1928,test,1
1929,train,1
1930,train,1
1931,train,1
1932,validation,1
1933,train,1
1934,train,1
1935,test,1
1936,test,0
1937,test,0
1938,train,0
1939,test,1
1940,test,1
1941,train,1
1942,train,1
1943,test,1
1944,train,1
1945,test,1
1946,train,1
1947,validation,1
1948,train,1
1949,train,1
1950,train,1
1951,validation,1
1952,validation,1
1953,train,1
1954,test,1
1955,train,0
1956,train,0
1957,train,0
1958,test,1
1959,validation,1
1960,train,0
1961,validation,1
1962,validation,1
1963,train,1
1964,train,1
1965,test,1
1966,train,1
1967,train,1
1968,train,1
1969,train,1
1970,train,1
1971,test,1
1972,test,1
1973,train,1
1974,test,1
1975,validation,1
1976,validation,1
1977,train,0
1978,train,0
1979,train,0
1980,validation,0
1981,test,0
1982,train,0
1983,train,1
1984,train,0
1985,test,0
1986,train,1
1987,train,1
1988,test,0
1989,test,0
1990,train,0
1991,train,1
1992,test,1
1993,train,1
1994,train,0
1995,train,0
1996,train,1
1997,train,0
1998,validation,0
1999,validation,1
2000,test,0
2001,train,0
2002,train,0
2003,train,0
2004,train,1
2005,train,1
2006,test,1
2007,test,1
2008,train,1
2009,train,0
2010,train,1
2011,validation,0
2012,train,0
2013,train,1
2014,train,0
2015,validation,1
2016,validation,0
2017,train,1
2018,validation,1
2019,validation,1
2020,test,0
2021,test,1
2022,validation,0
2023,test,1
2024,validation,0
2025,test,0
2026,train,1
2027,test,0
2028,train,1
2029,test,0
2030,train,1
2031,test,1
2032,test,1
2033,train,1
2034,test,1
2035,train,1
2036,train,0
2037,train,1
2038,train,1
2039,validation,0
2040,validation,0
2041,train,1
2042,test,0
2043,train,0
2044,train,1
2045,train,1
2046,train,1
2047,test,1
2048,train,1
2049,validation,1
2050,train,1
2051,train,0
2052,train,1
2053,train,1
2054,validation,1
2055,train,0
2056,test,0
2057,train,0
2058,train,0
2059,validation,0
2060,test,1
2061,train,1
2062,train,0
2063,train,0
2064,train,0
2065,train,0
2066,validation,1
2067,train,0
2068,train,1
2069,validation,0
2070,test,1
2071,test,1
2072,train,1
2073,train,0
2074,validation,1
2075,train,0
2076,train,1
2077,train,0
2078,validation,0
2079,test,1
2080,test,1
2081,test,0
2082,train,1
2083,validation,1
2084,test,1
2085,test,1
2086,train,1
2087,train,1
2088,train,1
2089,train,1
2090,validation,1
2091,train,1
2092,train,1
2093,train,0
2094,train,0
2095,train,1
2096,test,1
2097,validation,1
2098,validation,1
2099,train,0
2100,train,0
2101,validation,0
2102,test,0
2103,train,0
2104,train,0
2105,train,1
2106,validation,1
2107,train,1
2108,test,0
2109,train,0
2110,train,1
2111,train,0
2112,test,1
2113,test,0
2114,test,1
2115,validation,1
2116,train,0
2117,train,1
2118,test,1
2119,train,1
2120,train,1
2121,train,0
2122,train,1
2123,train,0
2124,train,0
2125,validation,0
2126,train,0
2127,test,1
2128,train,1
2129,train,0
2130,test,0
2131,test,0
2132,train,0
2133,train,1
2134,train,1
2135,test,0
2136,train,0
2137,train,1
2138,train,1
2139,train,1
2140,test,1
2141,train,1
2142,validation,0
2143,train,0
2144,train,1
2145,train,1
2146,train,0
2147,train,1
2148,train,1
2149,validation,1
2150,train,0
2151,train,0
2152,test,1
2153,validation,0
2154,train,1
2155,train,1
2156,train,1
2157,test,1
2158,validation,0
2159,test,0
2160,train,1
2161,train,1
2162,test,0
2163,train,0
2164,train,0
2165,train,0
2166,test,0
2167,train,1
2168,train,1
2169,validation,0
2170,train,1
2171,train,1
2172,validation,1
2173,train,1
2174,validation,1
2175,train,0
2176,train,1
2177,train,0
2178,validation,1
2179,train,0
2180,validation,0
2181,train,1
2182,test,1
2183,train,1
2184,train,1
2185,test,0
2186,validation,1
2187,test,1
2188,train,1
2189,train,0
2190,test,0
2191,train,0
2192,train,1
2193,validation,0
2194,test,0
2195,test,1
2196,train,0
2197,train,1
2198,validation,1
2199,train,0
2200,train,1
2201,train,0
2202,validation,1
2203,train,0
2204,train,0
2205,train,0
2206,train,0
2207,validation,0
2208,test,1
2209,train,1
2210,train,1
2211,train,0
2212,train,1
2213,train,1
2214,validation,0
2215,train,1
2216,train,0
2217,train,1
2218,validation,0
2219,train,0
2220,train,1
2221,train,0
2222,validation,1
2223,train,0
2224,train,1
2225,train,0
2226,test,0
2227,validation,0
2228,train,0
2229,test,1
2230,train,1
2231,train,1
2232,train,0
2233,train,1
2234,validation,0
2235,validation,1
2236,validation,0
2237,train,1
2238,train,1
2239,validation,1
2240,train,0
2241,train,1
2242,train,0
2243,train,1
2244,train,0
2245,train,1
2246,train,1
2247,train,1
2248,train,1
2249,train,0
2250,test,1
2251,validation,1
2252,train,0
2253,validation,1
2254,test,1
2255,test,1
2256,validation,1
2257,train,1
2258,test,0
2259,test,1
2260,train,1
2261,train,0
2262,train,0
2263,train,1
2264,train,0
2265,train,0
2266,train,0
2267,train,1
2268,validation,1
2269,train,0
2270,validation,0
2271,test,1
2272,test,0
2273,train,0
2274,train,0
2275,train,1
2276,validation,0
2277,test,1
2278,train,1
2279,validation,0
2280,test,1
2281,train,0
2282,test,1
2283,train,1
2284,test,0
2285,validation,0
2286,train,0
2287,train,1
2288,train,0
2289,train,0
2290,train,0
2291,train,1
2292,train,1
2293,train,1
2294,validation,0
2295,train,1
2296,test,0
2297,test,1
2298,train,0
2299,train,0
2300,validation,1
2301,train,1
2302,train,1
2303,test,0
2304,train,0
2305,validation,1
2306,train,1
2307,train,1
2308,train,1
2309,validation,1
2310,train,1
2311,test,0
2312,train,0
2313,validation,0
2314,test,1
2315,train,1
2316,train,0
2317,validation,1
2318,validation,1
2319,train,0
2320,train,0
2321,validation,1
2322,test,0
2323,train,0
2324,train,1
2325,test,1
2326,train,1
2327,train,0
2328,test,1
2329,train,1
2330,validation,1
2331,test,1
2332,validation,1
2333,train,0
2334,train,0
2335,train,1
2336,validation,0
2337,test,1
2338,test,1
2339,validation,0
2340,validation,1
2341,train,1
2342,train,1
2343,validation,0
2344,test,1
2345,train,1
2346,train,0
2347,test,1
2348,train,0
2349,train,0
2350,validation,1
2351,test,1
2352,train,1
2353,test,0
2354,train,0
2355,train,1
2356,test,1
2357,train,0
2358,train,1
2359,train,0
2360,validation,1
2361,test,0
2362,train,0
2363,train,0
2364,validation,1
2365,train,1
2366,validation,0
2367,train,0
2368,train,0
2369,test,1
2370,test,0
2371,train,0
2372,test,1
2373,train,1
2374,train,1
2375,validation,1
2376,train,1
2377,train,1
2378,train,1
2379,train,0
2380,train,1
2381,train,1
2382,train,1
2383,validation,0
2384,train,0
2385,train,0
2386,test,1
2387,test,1
2388,validation,0
2389,train,1
2390,train,1
2391,train,1
2392,train,0
2393,train,1
2394,validation,1
2395,validation,0
2396,validation,1
2397,test,0
2398,train,0
2399,test,0
2400,test,1
2401,train,1
2402,train,1
2403,train,1
2404,test,0
2405,train,0
2406,train,0
2407,validation,0
2408,train,1
2409,train,1
2410,validation,0
2411,train,0
2412,train,1
2413,test,0
2414,train,1
2415,validation,1
2416,train,0
2417,test,1
2418,train,0
2419,test,1
2420,validation,1
2421,test,1
2422,validation,1
2423,train,0
2424,train,1
2425,train,1
2426,train,0
2427,train,1
2428,validation,1
2429,train,0
2430,train,0
2431,train,1
2432,train,1
2433,train,0
2434,validation,1
2435,test,0
2436,train,0
2437,train,0
2438,validation,0
2439,test,1
2440,train,1
2441,test,1
2442,validation,1
2443,train,0
2444,validation,1
2445,validation,1
2446,train,0
2447,test,1
2448,train,1
2449,train,0
2450,test,0
2451,test,1
2452,validation,1
2453,train,1
2454,train,0
2455,train,1
2456,train,0
2457,train,0
2458,train,0
2459,validation,1
2460,train,1
2461,validation,1
2462,test,1
2463,validation,0
2464,train,1
2465,test,0
2466,train,0
2467,validation,1
2468,validation,1
2469,train,1
2470,train,0
2471,train,0
2472,train,1
2473,train,1
2474,train,1
2475,train,0
2476,train,1
2477,test,1
2478,train,0
2479,train,1
2480,train,1
2481,train,1
2482,train,1
2483,validation,1
2484,train,0
2485,train,1
2486,validation,1
2487,train,1
2488,train,0
2489,validation,0
2490,train,0
2491,train,0
2492,test,0
2493,validation,1
2494,test,1
2495,test,1
2496,train,1
2497,test,1
2498,test,1
2499,validation,0
2500,validation,1
2501,train,0
2502,test,1
2503,train,1
2504,train,1
2505,train,0
2506,validation,0
2507,validation,1
2508,test,0
2509,validation,0
2510,test,1
2511,train,1
2512,test,1
2513,test,1
2514,train,1
2515,validation,1
2516,train,1
2517,train,0
2518,train,1
2519,train,0
2520,validation,1
2521,train,0
2522,test,1
2523,train,1
2524,train,0
2525,train,1
2526,test,0
2527,train,0
2528,train,1
2529,train,1
2530,train,0
2531,train,0
2532,test,1
2533,train,1
2534,train,1
2535,train,1
2536,train,0
2537,train,0
2538,train,0
2539,train,0
2540,train,0
2541,validation,1
2542,validation,1
2543,validation,0
2544,train,0
2545,train,1
2546,train,1
2547,train,1
2548,train,0
2549,test,0
2550,test,1
2551,validation,0
2552,test,0
2553,validation,0
2554,train,0
2555,validation,0
2556,test,1
2557,validation,1
2558,validation,0
2559,validation,0
2560,train,1
2561,validation,1
2562,test,1
2563,test,0
2564,validation,0
2565,train,0
2566,validation,1
2567,test,0
2568,train,1
2569,train,1
2570,train,0
2571,train,1
2572,test,0
2573,validation,1
2574,test,1
2575,train,1
2576,train,0
2577,validation,0
2578,train,1
2579,test,0
2580,train,1
2581,train,1
2582,test,0
2583,test,1
2584,train,0
2585,validation,1
2586,test,1
2587,validation,1
2588,test,1
2589,train,1
2590,train,0
2591,validation,1
2592,train,0
2593,validation,0
2594,validation,0
2595,validation,0
2596,train,0
2597,train,1
2598,train,1
2599,test,0
2600,test,0
2601,test,1
2602,train,0
2603,train,0
2604,validation,0
2605,validation,1
2606,train,0
2607,validation,1
2608,train,1
2609,test,0
2610,train,0
2611,train,0
2612,train,1
2613,train,1
2614,validation,1
2615,validation,0
2616,train,1
2617,train,0
2618,train,1
2619,train,0
2620,validation,1
2621,test,0
2622,test,1
2623,train,1
2624,train,0
2625,test,1
2626,train,0
2627,train,0
2628,test,0
2629,test,0
2630,train,0
2631,test,1
2632,train,0
2633,validation,0
2634,validation,1
2635,train,1
2636,train,0
2637,validation,1
2638,train,0
2639,test,1
2640,train,1
2641,train,1
2642,train,1
2643,train,1
2644,test,1
2645,test,1
2646,train,1
2647,validation,1
2648,test,1
2649,validation,1
2650,train,1
2651,train,1
2652,train,0
2653,train,0
2654,train,1
2655,validation,0
2656,train,1
2657,validation,1
2658,train,1
2659,train,1
2660,train,0
2661,test,1
2662,validation,0
2663,train,1
2664,validation,0
2665,train,1
2666,validation,1
2667,train,1
2668,train,0
2669,train,1
2670,test,1
2671,train,1
2672,validation,1
2673,train,1
2674,validation,0
2675,train,1
2676,test,1
2677,validation,1
2678,test,0
2679,validation,0
2680,train,0
2681,test,0
2682,train,0
2683,test,0
2684,train,0
2685,train,1
2686,test,1
2687,train,1
2688,train,0
2689,train,1
2690,train,0
2691,train,1
2692,validation,0
2693,train,1
2694,test,0
2695,train,1
2696,validation,0
2697,train,1
2698,validation,1
2699,train,1
2700,validation,0
2701,train,1
2702,validation,0
2703,train,1
2704,validation,1
2705,train,1
2706,test,1
2707,test,1
2708,test,1
2709,test,1
2710,validation,0
2711,train,1
2712,train,1
2713,train,0
2714,train,0
2715,train,1
2716,train,1
2717,train,1
2718,validation,0
2719,train,0
2720,train,1
2721,train,1
2722,test,1
2723,train,1
2724,train,0
2725,train,0
2726,validation,0
2727,train,0
2728,train,1
2729,train,1
2730,validation,1
2731,test,0
2732,validation,1
2733,test,1
2734,train,1
2735,train,1
2736,validation,1
2737,train,0
2738,train,1
2739,validation,0
2740,test,1
2741,validation,1
2742,test,0
2743,test,1
2744,test,0
2745,train,0
2746,validation,0
2747,validation,1
2748,test,0
2749,validation,1
2750,train,1
2751,validation,1
2752,test,1
2753,train,0
2754,train,1
2755,validation,0
2756,train,0
2757,validation,1
2758,test,0
2759,validation,1
2760,validation,0
2761,train,0
2762,train,0
2763,train,1
2764,train,1
2765,test,1
2766,test,0
2767,validation,0
2768,train,1
2769,validation,0
2770,train,1
2771,train,1
2772,train,1
2773,train,1
2774,train,0
2775,train,0
2776,validation,1
2777,train,0
2778,test,1
2779,train,1
2780,test,1
2781,train,0
2782,validation,1
2783,train,0
2784,validation,1
2785,validation,0
2786,train,1
2787,train,1
2788,test,0
2789,train,1
2790,test,0
2791,test,1
2792,train,1
2793,train,0
2794,train,0
2795,validation,0
2796,train,0
2797,test,1
2798,validation,1
2799,train,0
2800,train,0
2801,test,0
2802,validation,0
2803,validation,1
2804,train,1
2805,train,0
2806,test,0
2807,validation,0
2808,train,0
2809,train,0
2810,train,0
2811,train,0
2812,test,0
2813,validation,0
2814,test,1
2815,validation,1
2816,validation,0
2817,train,1
2818,test,0
2819,validation,0
2820,test,1
2821,train,0
2822,test,1
2823,train,1
2824,validation,0
2825,test,0
2826,train,1
2827,test,0
2828,validation,0
2829,train,1
2830,train,0
2831,validation,1
2832,train,1
2833,test,0
2834,train,0
2835,test,1
2836,test,1
2837,train,0
2838,test,0
2839,train,1
2840,train,1
2841,train,0
2842,test,1
2843,train,1
2844,validation,1
2845,train,1
2846,validation,1
2847,test,1
2848,train,0
2849,validation,0
2850,train,0
2851,train,1
2852,train,1
2853,train,0
2854,train,0
2855,train,0
2856,train,1
2857,test,1
2858,train,0
2859,train,0
2860,train,0
2861,train,1
2862,validation,0
2863,train,0
2864,train,0
2865,train,0
2866,test,0
2867,validation,1
2868,train,0
2869,validation,1
2870,test,1
2871,train,0
2872,train,0
2873,test,1
2874,train,1
2875,test,1
2876,validation,1
2877,train,0
2878,train,1
2879,test,0
2880,train,1
2881,test,0
2882,validation,0
2883,test,0
2884,validation,0
2885,test,0
2886,train,1
2887,test,0
2888,train,1
2889,test,0
2890,train,0
2891,train,0
2892,test,0
2893,train,0
2894,test,0
2895,validation,0
2896,test,0
2897,train,0
2898,validation,0
2899,train,0
2900,validation,0
2901,train,1
2902,test,0
2903,train,0
2904,train,0
2905,train,0
2906,validation,0
2907,train,0
2908,validation,0
2909,train,0
2910,train,0
2911,validation,0
2912,train,0
2913,validation,0
2914,validation,0
2915,train,0
2916,train,0
2917,train,0
2918,train,0
2919,train,0
2920,train,0
2921,validation,0
2922,train,0
2923,train,0
2924,train,0
2925,test,0
2926,train,0
2927,train,0
2928,train,0
2929,train,0
2930,validation,0
2931,train,0
2932,train,0
2933,train,0
2934,validation,0
2935,train,0
2936,train,0
2937,test,0
2938,test,0
2939,train,0
2940,validation,0
2941,validation,0
2942,train,0
2943,test,0
2944,test,0
2945,train,0
2946,train,0
2947,validation,0
2948,train,0
2949,test,0
2950,train,0
2951,train,0
2952,test,0
2953,train,0
2954,train,0
2955,validation,0
2956,train,0
2957,train,0
2958,train,0
2959,train,0
2960,train,0
2961,train,0
2962,train,0
2963,train,0
2964,validation,0
2965,train,0
2966,train,0
2967,train,0
2968,train,0
2969,train,0
2970,train,0
2971,train,0
2972,train,0
2973,train,0
2974,train,0
2975,validation,0
2976,test,0
2977,train,0
2978,train,0
